{
    "features" : [
      {
        "attributes" : {
          "FID" : 10,
          "SID" : "173920010117",
          "NAME" : "A01",
          "length" : 20,
          "width" : 5,
          "angle" : 0,
          "X" : 12677259.442477163,
          "Y" : 2633500.0539661665,
          "groupID" : 1
        }
      },
      {
        "attributes" : {
          "FID" : 11,
          "SID" : "173920010117",
          "NAME" : "B01",
          "length" : 10,
          "width" : 5,
          "angle" : 180,
          "X" : 12677292.696621861,
          "Y" : 2633477.682337127,
          "groupID" : 1
        }
      }
    ]
    
  }